{"stat.useItem.61":11,"stat.killEntity.EntityHorse":1,"stat.craftItem.61":6,"stat.leaveGame":4,"stat.mineBlock.14":25,"stat.mineBlock.16":121,"stat.mineBlock.15":56,"stat.mineBlock.18":8,"stat.mineBlock.17":14,"stat.jump":1530,"stat.swimOneCm":44721,"stat.fallOneCm":437600,"achievement.exploreAllBiomes":{"value":0,"progress":["Sunflower Plains","ForestHills","Birch Forest","Roofed Forest","Plains","TaigaHills","Time Chamber","Extreme Hills+ M","Other World type 4","Beach","Stone Beach","Other World type 3","Extreme Hills+","Other World type 2","Forest","River","Ocean","Taiga","Extreme Hills","Dirty Stony","Deep Ocean","Other World"]},"stat.mineBlock.12":28,"stat.useItem.175":1,"stat.craftItem.364":201,"stat.craftItem.5":52,"stat.damageTaken":-2145978621,"stat.mineBlock.3":243,"stat.mineBlock.1":144,"stat.killEntity.Enderman":2,"stat.mineBlock.61":4,"stat.useItem.54":9,"stat.flyOneCm":2674044,"stat.useItem.50":22,"stat.killEntity.Witch":1,"stat.damageDealt":207580,"stat.killEntity.Cow":123,"stat.mineBlock.129":3,"stat.mineBlock.73":2,"stat.useItem.58":5,"stat.useItem.274":132,"stat.useItem.273":270,"stat.useItem.275":71,"stat.walkOneCm":944032,"stat.craftItem.265":56,"stat.craftItem.266":25,"stat.craftItem.267":1,"stat.mineBlock.175":7,"stat.craftItem.258":1,"stat.killEntity.Creeper":10,"stat.mineBlock.58":5,"stat.useItem.323":2,"stat.craftItem.257":2,"achievement.mineWood":6,"stat.mineBlock.50":1,"stat.mineBlock.54":4,"stat.mineBlock.56":1,"stat.killEntity.Skeleton":7,"stat.useItem.258":6,"stat.craftItem.323":3,"stat.useItem.257":270,"stat.breakItem.274":1,"achievement.openInventory":177,"stat.breakItem.273":2,"stat.breakItem.275":1,"stat.craftItem.280":40,"stat.killEntity.Spider":2,"stat.mobKills":305,"stat.mineBlock.21":5,"stat.craftItem.273":3,"stat.craftItem.274":1,"stat.craftItem.275":1,"stat.mineBlock.37":4,"stat.deaths":14,"stat.useItem.267":65,"stat.drop":92,"stat.playOneMinute":258635,"stat.craftItem.50":16,"stat.killEntity.Sheep":1,"stat.useItem.4":14,"stat.useItem.5":1,"stat.craftItem.270":1,"stat.craftItem.54":5,"stat.useItem.3":192,"stat.killEntity.Zombie":19,"stat.useItem.270":7,"stat.diveOneCm":178718,"stat.mineBlock.31":50}