{"stat.useItem.355":3,"stat.useItem.61":2,"stat.craftItem.102":32,"achievement.buildHoe":2,"stat.craftItem.61":1,"stat.leaveGame":3,"stat.mineBlock.15":15,"stat.mineBlock.18":2,"stat.mineBlock.17":13,"stat.jump":1160,"stat.swimOneCm":18760,"stat.useItem.126":80,"stat.fallOneCm":381957,"stat.craftItem.290":1,"achievement.buildWorkBench":8,"achievement.killCow":2,"stat.craftItem.324":7,"stat.craftItem.325":1,"achievement.exploreAllBiomes":{"value":0,"progress":["Birch Forest Hills","Sunflower Plains","ForestHills","Birch Forest","Roofed Forest","Plains","Other World type 4","Beach","Other World type 3","Other World type 2","Forest","Ocean","River","Taiga","Extreme Hills","Dirty Stony","Deep Ocean","Other World"]},"stat.craftItem.364":29,"stat.craftItem.5":312,"stat.damageTaken":-2146480509,"stat.mineBlock.5":21,"stat.mineBlock.1":16,"stat.killEntity.Enderman":1,"stat.mineBlock.61":2,"stat.useItem.53":47,"stat.useItem.54":12,"stat.flyOneCm":2785253,"stat.useItem.102":21,"stat.useItem.50":44,"achievement.buildPickaxe":4,"stat.damageDealt":93145,"achievement.buildBetterPickaxe":2,"stat.mineBlock.126":3,"stat.killEntity.Cow":20,"stat.useItem.58":6,"stat.useItem.274":43,"stat.killEntity.Bat":3,"stat.walkOneCm":615533,"stat.craftItem.265":9,"stat.craftItem.20":13,"stat.mineBlock.175":8,"stat.killEntity.Creeper":19,"stat.mineBlock.58":3,"stat.useItem.324":6,"stat.useItem.323":10,"achievement.buildSword":14,"achievement.mineWood":14,"stat.killEntity.Squid":16,"stat.mineBlock.50":7,"stat.craftItem.126":162,"stat.useItem.290":1,"stat.mineBlock.54":4,"stat.mineBlock.53":1,"stat.killEntity.Skeleton":18,"stat.useItem.258":34,"stat.craftItem.323":6,"achievement.openInventory":173,"stat.killEntity.Chicken":12,"stat.craftItem.280":20,"stat.killEntity.Spider":16,"stat.mobKills":231,"achievement.killEnemy":141,"achievement.buildFurnace":2,"stat.craftItem.58":4,"stat.craftItem.274":1,"stat.deaths":9,"stat.mineBlock.37":5,"achievement.acquireIron":6,"stat.drop":43,"stat.playOneMinute":179763,"stat.craftItem.50":48,"stat.killEntity.Sheep":9,"stat.useItem.4":4,"stat.useItem.5":157,"stat.craftItem.270":1,"stat.craftItem.54":8,"stat.craftItem.271":1,"stat.killEntity.Zombie":18,"stat.useItem.270":3,"stat.useItem.391":1,"stat.mineBlock.31":72,"stat.diveOneCm":207818,"stat.useItem.271":13}