{"stat.useItem.355":3,"stat.useItem.61":2,"stat.craftItem.102":32,"achievement.buildHoe":2,"stat.craftItem.61":1,"stat.leaveGame":2,"stat.mineBlock.15":15,"stat.mineBlock.18":2,"stat.mineBlock.17":13,"stat.jump":617,"stat.swimOneCm":3519,"stat.fallOneCm":81658,"stat.craftItem.290":1,"achievement.buildWorkBench":6,"stat.craftItem.324":7,"achievement.exploreAllBiomes":{"value":0,"progress":["Birch Forest Hills","Sunflower Plains","ForestHills","Birch Forest","Roofed Forest","Plains","Other World type 4","Beach","Forest","Ocean","River","Extreme Hills","Dirty Stony","Deep Ocean"]},"stat.craftItem.364":10,"stat.craftItem.5":312,"stat.damageTaken":190015,"stat.mineBlock.5":21,"stat.mineBlock.1":16,"stat.mineBlock.61":2,"stat.useItem.53":47,"stat.useItem.54":12,"stat.flyOneCm":541475,"stat.useItem.102":21,"stat.useItem.50":43,"achievement.buildPickaxe":4,"stat.damageDealt":52065,"achievement.buildBetterPickaxe":2,"stat.killEntity.Cow":9,"stat.useItem.58":5,"stat.useItem.274":43,"stat.walkOneCm":369081,"stat.craftItem.265":5,"stat.craftItem.20":13,"stat.mineBlock.175":3,"stat.killEntity.Creeper":3,"stat.mineBlock.58":3,"stat.useItem.324":6,"stat.useItem.323":10,"achievement.buildSword":8,"achievement.mineWood":14,"stat.mineBlock.50":5,"stat.useItem.290":1,"stat.mineBlock.54":4,"stat.mineBlock.53":1,"stat.killEntity.Skeleton":4,"stat.useItem.258":31,"stat.craftItem.323":6,"achievement.openInventory":113,"stat.craftItem.280":20,"stat.killEntity.Spider":2,"stat.mobKills":96,"achievement.killEnemy":49,"achievement.buildFurnace":2,"stat.craftItem.58":3,"stat.craftItem.274":1,"stat.deaths":1,"achievement.acquireIron":4,"stat.drop":26,"stat.playOneMinute":83423,"stat.craftItem.50":48,"stat.killEntity.Sheep":9,"stat.useItem.4":4,"stat.useItem.5":157,"stat.craftItem.270":1,"stat.craftItem.54":8,"stat.craftItem.271":1,"stat.killEntity.Zombie":9,"stat.useItem.270":3,"stat.useItem.391":1,"stat.mineBlock.31":21,"stat.diveOneCm":48734,"stat.useItem.271":13}