{"stat.useItem.355":3,"stat.useItem.61":2,"stat.craftItem.102":32,"achievement.buildHoe":2,"stat.craftItem.61":1,"stat.leaveGame":3,"stat.mineBlock.15":15,"stat.mineBlock.18":2,"stat.mineBlock.17":13,"stat.jump":818,"stat.swimOneCm":12443,"stat.useItem.126":80,"stat.fallOneCm":146883,"stat.craftItem.290":1,"achievement.buildWorkBench":8,"achievement.killCow":2,"stat.craftItem.324":7,"stat.craftItem.325":1,"achievement.exploreAllBiomes":{"value":0,"progress":["Birch Forest Hills","Sunflower Plains","ForestHills","Birch Forest","Roofed Forest","Plains","Other World type 4","Beach","Other World type 3","Other World type 2","Forest","Ocean","River","Taiga","Extreme Hills","Dirty Stony","Deep Ocean","Other World"]},"stat.craftItem.364":10,"stat.craftItem.5":312,"stat.damageTaken":-2147056454,"stat.mineBlock.5":21,"stat.mineBlock.1":16,"stat.killEntity.Enderman":1,"stat.mineBlock.61":2,"stat.useItem.53":47,"stat.useItem.54":12,"stat.flyOneCm":1528266,"stat.useItem.102":21,"stat.useItem.50":44,"achievement.buildPickaxe":4,"stat.damageDealt":72965,"achievement.buildBetterPickaxe":2,"stat.mineBlock.126":3,"stat.killEntity.Cow":18,"stat.useItem.58":6,"stat.useItem.274":43,"stat.walkOneCm":479478,"stat.craftItem.265":9,"stat.craftItem.20":13,"stat.mineBlock.175":4,"stat.killEntity.Creeper":3,"stat.mineBlock.58":3,"stat.useItem.324":6,"stat.useItem.323":10,"achievement.buildSword":10,"achievement.mineWood":14,"stat.killEntity.Squid":7,"stat.mineBlock.50":6,"stat.craftItem.126":162,"stat.useItem.290":1,"stat.mineBlock.54":4,"stat.mineBlock.53":1,"stat.killEntity.Skeleton":4,"stat.useItem.258":34,"stat.craftItem.323":6,"achievement.openInventory":142,"stat.killEntity.Chicken":1,"stat.craftItem.280":20,"stat.killEntity.Spider":2,"stat.mobKills":121,"achievement.killEnemy":57,"achievement.buildFurnace":2,"stat.craftItem.58":4,"stat.craftItem.274":1,"stat.deaths":7,"stat.mineBlock.37":5,"achievement.acquireIron":6,"stat.drop":31,"stat.playOneMinute":127581,"stat.craftItem.50":48,"stat.killEntity.Sheep":9,"stat.useItem.4":4,"stat.useItem.5":157,"stat.craftItem.270":1,"stat.craftItem.54":8,"stat.craftItem.271":1,"stat.killEntity.Zombie":10,"stat.useItem.270":3,"stat.useItem.391":1,"stat.mineBlock.31":53,"stat.diveOneCm":200682,"stat.useItem.271":13}